CATEGORY,TIME,INDICATOR,SOURCE,DESCRIPTION,UNIT,MAP,GRAPH,FILE,OPTIONS,TYPE,AL,AK,AZ,AR,CA,CO,CT,DE,DC,FL,GA,HI,ID,IL,IN,IA,KS,KY,LA,ME,MD,MA,MI,MN,MS,MO,MT,NE,NV,NH,NJ,NM,NY,NC,ND,OH,OK,OR,PA,RI,SC,SD,TN,TX,UT,VT,VA,WA,WV,WI,WY
Category A,,,,,,,,,,,,,,,,,,,,,,,,,,,,,,,,,,,,,,,,,,,,,,,,,,,,,,,,,,,,,
>Sub-Category A-1,2010,,<a href='http://www.statsilk.com'>Example source</a>,,,,,,y=[2000],,,,,,,,,,,,,,,,,,,,,,,,,,,,,,,,,,,,,,,,,,,,,,,,,,,,
,,Example indicator A-1 (i),,Example popup description indicator 1,,0=[0xBD0026][10000] 1=[0xF03B20][8000] 2=[0xFD8D3C][6000] 3=[0xFEB24C][4000] 4=[0xFED976][2000] 5=[0xFFFFB2],,,,,850.38,7046.32,6993.73,29383.5,6376.05,29383.5,19022.48,14213.78,4854.57,29383.5,36583.39,38920.15,9905.13,25799.41,35806.67,1502.93,18593.22,12362.92,34871.88,7750.91,1634.23,29383.5,5857.47,4440.06,7489.84,15093.64,10288.79,29383.5,49240.75,12316.13,1321.24,407.69,2062.75,2176.86,38477.79,3602.53,29383.5,759.58,1684.98,14778.29,6785.94,8169.74,1149.43,4590.75,29383.5,10782.67,1693.19,18181.93,29383.5,30416.8,24846.73
,,Example indicator A-1 (ii) - Proportional symbol map,,"s=[<font size='12'><b>Proportional Symbol Map</b></font><BR><BR><font color='#dd4b39' size='11'><b>This text is displayed using the 'story panel' feature</b></font><BR><BR>This is an example of a proportional symbol map displayed using an external image file. To view the map, please click on the 'Proportional symbol map' icon (as shown below).<BR><img src='examples/symbol_map.jpg' width='120' height='42'><font size='60'> </font>The external image file can be defined in the column MAP. For more details, see also the <font color='#0000FF'><u><a href='http://www.statsilk.com/files/resources/User_Guide_StatPlanet.pdf'>StatPlanet User Guide</a></u></font></p>] ",,i=[examples/icon_electricity.swf] 0=[0x006837] 1=[0x31A354] 2=[0x78C679] 3=[0xADDD8E] 4=[0xD9F0A3] 5=[0xFFFFCC],mn=[-50] mx=[50],,,,7,2,3.9,1.4,9.3,1.4,0,0.7,0,1.4,0.6,0.2,12.3,-0.5,3.5,5.4,0.5,1.6,0.3,2,3,1.4,6.6,2.9,0.5,14.3,2.2,1.4,0.6,-1,4.1,3.8,3,2.6,1.2,3,1.4,3.1,2.5,3,7.5,1.3,1.5,11.9,1.4,1.5,4.2,0.3,1.4,2.1,0.1
,,Example indicator A-1 (iii) - Categorical map,,"pw=[220] s=[<font size='12'><b>Descriptive Map Legend</b></font><BR><BR><font color='#dd4b39' size='11'><b>This text is displayed using the 'story panel' feature</b></font><BR><BR><img src='examples/descriptive_map.jpg' width='85' height='43'>This is an example of a categorical or qualitative map. To create such a map, each category label needs to be given a category number starting from 0. Then each map area or country is assigned a category number corresponding to the category label. These values and labels are set in the column MAP. For more details, see also the <font color='#0000FF'><u><a href='http://www.statsilk.com/files/resources/User_Guide_StatPlanet.pdf'>StatPlanet User Guide</a></u></font>] ",,0=[0xE41A1C][Category 1] 1=[0x377EB8][Category 2] 2=[0x4DAF4A][Category 3] 3=[0x984EA3][Category 4] 4=[0xFF7F00][Category 5],,,,,3,2,1,0,1,3,3,2,0,3,2,2,4,3,0,0,3,1,3,1,2,3,3,4,1,3,1,3,2,3,4,3,3,4,4,0,3,1,3,2,2,0,3,3,1,0,2,1,4,3,1
,2009,,,,,,,,,,,,,,,,,,,,,,,,,,,,,,,,,,,,,,,,,,,,,,,,,,,,,,,,,,,,
,,-,,,,,,,,,812.32,6915.6,6801.37,28898.19,5981.75,28898.19,19148.03,14188.11,4943.23,28898.19,36642.23,38743.95,8850.01,26104.51,35145.02,1445.5,18475.46,11988.86,34904.95,7792.84,1630.46,28898.19,5527.81,4379.68,7434.15,13301.44,10153.99,28898.19,49711.21,12295.89,1292.89,398.76,2033.96,2165.32,38154.24,3550.83,28898.19,748.55,1677.43,14461.14,6378.71,8161.7,1151.33,4204.35,28898.19,10737.22,1666.69,18056.92,28898.19,29928.48,24726.69
,,-,,,,,,,,,9,0.4,2.1,-2.7,-3.6,-2.7,-2,-1.5,-5,-2.7,-1.4,-3,2.5,-4.5,2.6,5,-3.5,-4.3,-3.8,1,3.8,-2.7,5.7,2.2,-3,-10.4,-1.3,-2.7,0.2,-2,3.5,3.5,-0.5,2.4,-2.5,2.5,-2.7,2.4,2.8,0.1,6.5,0,0.8,9.5,-2.7,0.5,3.7,-3.5,-2.7,0.3,-3.5
,,-,,"s=[Stories can also be set at particular time units / years, such as this one for 2009]",,,,,,,2,0,3,1,1,2,1,1,0,3,2,3,4,0,1,2,3,3,4,0,4,0,2,1,1,1,3,1,2,0,4,3,1,3,2,0,4,0,3,1,2,0,3,2,1,0,1,3,3,1,1
,2008,,,,,,,,,,,,,,,,,,,,,,,,,,,,,,,,,,,,,,,,,,,,,,,,,,,,,,,,,,,,
,,-,,,,,,,,,758.37,6859.46,6698.21,29472.4,6331.07,29472.4,19571.57,14413.16,5272.52,29472.4,37298.73,39634.13,8620.08,27394.04,34605.15,1388.93,19025.91,12291.37,36235.43,7881.51,1605.26,29472.4,5238.19,4330.41,7610.69,14882.21,10325.8,29472.4,50116.68,12340.94,1265.69,389.25,2066.1,2152.6,39182.85,3498.68,29472.4,738.67,1656.63,14510.19,5962.7,8215.2,1154.94,3912.88,29472.4,10752.04,1639.94,18544.86,29472.4,29829.87,25395.33
,,-,,,,,,,,,3.4,6.8,3,3.5,14.8,3.5,4.2,7,6.8,3.5,2.1,1.8,11.6,-1.3,6.1,5.6,0.6,10,1.1,3,5,3.5,6.6,5.9,5.5,2.9,5.1,3.5,-1.5,6,5,4.5,6,3.4,0.5,5.9,3.5,2.2,-0.4,3.2,9,2.5,1,5.6,3.5,2.9,2.3,2.4,3.5,3.7,3.2
,,-,,s=[],,,,,,,3,2,3,2,3,2,1,1,1,3,1,2,4,0,0,2,2,1,3,1,3,3,1,2,2,2,3,3,1,4,4,1,3,4,1,4,2,1,4,3,1,2,3,2,4,1,0,0,4,2,3
,2007,,,,,,,,,,,,,,,,,,,,,,,,,,,,,,,,,,,,,,,,,,,,,,,,,,,,,,,,,,,,
,,-,,,,,,,,,737.35,6319.37,6438.72,27900.92,5555.81,27900.92,18585.15,13317.8,4941.5,27900.92,36214.86,38180.95,7618.13,27470.48,32554.15,1311.01,18565.45,10915.39,35363.05,7721.25,1544.49,27900.92,4862.42,4082.94,7081.01,14313.15,9746.56,27900.92,50799.73,11310.87,1206.87,371.74,1945.2,2093.56,38613.59,3313.73,27900.92,721.54,1668.72,13897.86,5378.39,7966.9,1142.96,3732.66,27900.92,10429.75,1615.55,17731.82,27900.92,27297.27,24087.8
,,-,,,,,,,,,12.1,6.3,3,6.8,20.3,6.8,6.9,8.7,13.8,6.8,4,3.1,23.4,2.8,8.1,6.3,3.4,8.6,2.6,1.2,4.6,6.8,17.9,4.6,6.8,4.4,5.7,6.8,0.6,6.2,3.6,3.6,10.2,3.5,2.7,7.8,6.8,3.7,0.2,4.7,13,7.5,0.5,-1.6,6.8,7.8,1.6,5.5,6.8,4.4,6
,,-,,,,,,,,,3,1,2,0,2,2,1,0,0,2,3,3,1,0,3,3,3,0,4,3,2,4,2,4,4,2,0,2,0,3,1,3,3,4,1,3,1,2,1,3,3,4,2,3,4,1,1,1,0,4,1
,2006,,,,,,,,,,,,,,,,,,,,,,,,,,,,,,,,,,,,,,,,,,,,,,,,,,,,,,,,,,,,
,,-,,,,,,,,,657.63,5820.24,6195.36,25437.42,4629.83,25437.42,17115.99,12053.97,4324.48,25437.42,34424.24,36133.35,6060.62,26343.33,29920.33,1223.01,17530.95,9759.55,33823.72,7667.42,1483.2,25437.42,4056.98,3881.44,6505.02,13470.29,9105.15,25437.42,50146.2,10300.46,1160.45,356.49,1626.19,2024.88,37001.21,3034.54,25437.42,691.1,1662.56,13062.36,4657.54,7328.57,1130.81,3800.34,25437.42,9615,1595.11,16357.93,25437.42,25868.76,22258.85
,,-,,,,,,,,,8.2,5.5,2,5.9,18.6,5.9,12.4,8.5,13.2,5.9,2.8,3.4,30.5,4.6,6.7,6.5,3.2,10,3,4.7,3.8,5.9,8.8,4.8,6.9,5.1,4,5.9,4.4,6.3,5.5,5.1,10.8,3.2,3.1,10.8,5.9,3.8,0.2,4.6,11.6,6.9,1.2,6.2,5.9,8.8,0.7,4.7,5.9,4.1,6.8
,,-,,,,,,,,,4,1,3,2,3,1,3,1,4,0,0,2,2,1,0,0,1,2,3,3,0,2,4,2,1,1,0,1,3,3,4,4,1,3,2,2,3,0,3,3,1,1,4,2,3,0,4,4,3,2,3
,2005,,,,,,,,,,,,,,,,,,,,,,,,,,,,,,,,,,,,,,,,,,,,,,,,,,,,,,,,,,,,
,,-,,,,,,,,,611.9,5372.13,6044.18,23351.5,3893.95,23351.5,14914.77,10871.85,3785.05,23351.5,32910.11,33985.12,4548.84,24690.44,27721.89,1132.84,16506.65,8562.35,32032.94,7324.85,1425.54,23351.5,3650.83,3664.31,5942.38,12513.13,8603.36,23351.5,47465.24,9322.49,1090.37,335.1,1456.7,1953.66,35118.99,2703.12,23351.5,657.92,1648.43,12240.42,4064.34,6744.62,1104.8,3566.12,23351.5,8739.05,1580.16,15123.5,23351.5,24534.44,20263.78
,,-,,,,,,,,,16.1,5.8,5.1,4.3,20.6,4.3,5.5,9.2,14,4.3,2.8,2.9,24.3,3.3,7.9,6.3,3.9,9.4,2.2,3,2.9,4.3,7,4.4,3.9,1.6,3.2,4.3,0.4,6.2,7.1,0.9,13.3,2.3,2.9,6.5,4.3,2.4,7.9,5.6,10.4,5.7,4.2,7.8,4.3,5.9,1.9,4.2,4.3,3.9,6.3
,,-,,,,,,,,,1,4,2,3,2,0,2,2,2,1,2,1,0,4,0,1,1,2,1,3,0,1,0,1,0,2,1,3,4,1,2,3,2,3,1,3,2,2,3,1,0,0,2,4,1,1,4,2,1,4,3
,2004,,,,,,,,,,,,,,,,,,,,,,,,,,,,,,,,,,,,,,,,,,,,,,,,,,,,,,,,,,,,
,,-,,,,,,,,,552.93,4980.57,5609.38,21756.66,3455.17,21756.66,13938.89,9758.83,3297.73,21756.66,31562.18,32269.91,3530.8,23172.28,25136.56,1052.79,15849.7,7272.5,30545.71,7294.63,1352.73,21756.66,3485.49,3453.73,5497.44,12269.86,8231.32,21756.66,47376.81,8462.64,1039.39,328.95,1270.19,1943.57,33409.03,2354.85,21756.66,627.75,1513.37,11454.73,3614.1,6265.34,1050.54,3472.81,21756.66,8181.71,1551.03,14080.59,21756.66,23433.4,18744.29
,,-,,,,,,,,,8.8,5.7,5.2,4.3,11.2,4.3,5.2,9,10.5,4.3,3.8,2.5,10.4,-0.2,5.6,6.1,4.8,11.4,2.8,4.6,3,4.3,6.8,4.2,6.3,6,5.7,4.3,0.5,6.6,4.6,4.8,10.3,3.7,3.1,4.3,4.3,1,33.6,6,10.1,4.7,-0.2,3.5,4.3,4.3,1.6,4.2,4.3,4.2,4.5
,,-,,,,,,,,,3,1,2,1,3,2,3,1,3,1,3,1,3,1,1,4,0,1,4,1,3,3,1,0,2,3,1,4,4,2,3,0,3,2,4,3,1,2,2,2,2,2,0,2,1,1,2,3,4,4,4
,2003,,,,,,,,,,,,,,,,,,,,,,,,,,,,,,,,,,,,,,,,,,,,,,,,,,,,,,,,,,,,
,,-,,,,,,,,,552.04,4780.58,5255.21,20328.79,3116.93,20328.79,12815.23,8803.83,2937.34,20328.79,30110.81,30967.88,3152.67,21090.58,23212.5,980.97,14745.03,6445.43,29077.48,6789.52,1316.7,20328.79,3188.63,3302.76,5110.34,10868.83,7697.9,20328.79,47004.12,7684.23,1054.93,311.71,1146.25,1877.4,31842.83,2405.04,20328.79,604.59,1136.78,10712.56,3217.46,5890.45,1047.68,3079.93,20328.79,7812.78,1562.34,13231.73,20328.79,22388.17,17344.43
,,-,,,,,,,,,15.1,5.8,6.9,2.8,3.3,2.8,4.3,8.8,14,2.8,3,0.8,10.5,1,7.2,5.8,2,7,1,9.3,4,2.8,7.2,2.7,3.5,6.3,1.1,2.8,2.9,5,7.3,-1.2,8.5,4,1.9,4.7,2.8,-7.1,14.7,4,10,4.6,2.5,0.8,2.8,6.4,-1.7,5,2.8,1.9,3.6
,,-,,,,,,,,,1,1,1,2,1,0,1,1,4,2,2,1,2,1,3,3,4,2,2,2,3,1,3,2,1,0,1,1,1,0,4,1,1,0,3,4,4,2,3,0,0,1,1,1,1,1,2,2,3,1,1
,2002,,,,,,,,,,,,,,,,,,,,,,,,,,,,,,,,,,,,,,,,,,,,,,,,,,,,,,,,,,,,
,,-,,,,,,,,,850.38,4452.16,4888.97,19370.08,3040.83,19370.08,12174.28,7995.24,2523.53,19370.08,28987.01,30208.1,2815.66,20741.09,21496.31,925.61,14203.46,5866.12,28297.74,6275.64,1263.39,19370.08,2920.48,3220.37,4872.6,10125.05,7561.68,19370.08,45776.28,7120.16,994.46,317.82,1051.94,1816.54,30890.55,2290.83,19370.08,649.98,1062.07,10191.82,2881.21,5607.71,1022.11,3078.19,19370.08,7353.02,1579.9,12341.36,19370.08,21890.03,16405.6
,,-,,,,,,,,,7,4.2,4.7,4,14.5,4,2,-10.9,13.2,4,4.3,1.6,8.1,2.3,5.2,4.8,0.7,5,1.5,5.1,4.4,4,10.9,2.5,5,9,2.7,4,3.9,4.5,4.7,4.4,6.6,4,2.9,5.3,4,-0.6,8.5,2.2,9.1,2.5,4.1,4.6,4,2.9,-1.6,5.4,4,2.1,1.9
,,-,,,,,,,,,3,3,4,2,1,1,1,2,3,1,2,4,1,4,4,2,4,4,2,4,2,3,3,3,1,3,1,3,2,4,4,1,1,4,1,3,4,0,2,2,1,1,1,4,2,4,1,2,3,3,1
,2001,,,,,,,,,,,,,,,,,,,,,,,,,,,,,,,,,,,,,,,,,,,,,,,,,,,,,,,,,,,,
,,-,,,,,,,,,812.32,4226.73,4660.42,18319.35,2685.9,18319.35,11883.35,8904.14,2189.24,18319.35,27664.29,29356.56,2578.61,20218.07,20675.11,884.63,13910.44,5459.87,27522.13,6049.18,1241.71,18319.35,2603.36,3159.78,4598.84,9237.37,7346.48,18319.35,44354.93,6653.81,963.77,310.15,986.25,1789.32,29817.11,2177.39,18319.35,655.53,986.2,9924.41,2612.27,5474.56,985.09,2976.72,18319.35,7186.87,1604.02,11519.1,18319.35,21335.72,15816.59
,,-,,,,,,,,,9,7,2.7,2.8,3.1,2.8,1.5,-4.4,9.6,2.8,2.1,0.5,6.5,0.8,4.6,4.8,-2.6,4.7,0.8,5,6.2,2.8,6.8,1.7,3.6,3.5,1.3,2.8,2.7,4.1,6.6,2.1,8.1,4.5,1.8,6.1,2.8,0.6,11.7,3.5,8.3,2.2,3.3,3.8,2.8,1.1,0,3.8,2.8,4,2.5
,,-,,,,,,,,,2,1,2,0,2,1,2,3,3,2,1,2,0,1,4,1,1,2,2,2,2,0,4,2,2,0,0,3,0,1,0,0,0,3,2,1,0,3,2,3,3,1,1,0,1,0,2,2,2,2,4
,2000,,,,,,,,,,,,,,,,,,,,,,,,,,,,,,,,,,,,,,,,,,,,,,,,,,,,,,,,,,,,
,,-,,,,,,,,,758.37,3863.75,4499.04,17428.94,2617.58,17428.94,11599.16,9188.66,1649.73,17428.94,26819.04,28632.49,2382.38,19880.57,19587.49,840.23,13974.97,5071.49,26795.38,5798.06,1187.73,17428.94,2400.05,3105.4,4353.2,8815.08,7186.52,17428.94,43196.94,6199.89,910.12,311.74,905.25,1718.74,28910.28,2029.05,17428.94,649.09,884.11,9479.03,2371.82,5324.81,950.85,2881.7,17428.94,7119.72,1595.71,10972.25,17428.94,20253.75,15007.77
,,-,,,,,,,,,3.4,7.3,2.1,4.4,3,4.4,3.3,-0.8,6,4.4,3.4,3.7,6.2,1.9,5.2,5.6,2.3,5.8,3.8,13,4.9,4.4,7.2,2.5,5.2,5.9,4.3,4.4,2.9,5.4,1.8,-0.9,8.8,4.2,5.2,7.3,4.4,1.9,-0.9,4.5,8.4,2.9,1.4,7.6,4.4,1.8,-4.6,3,4.4,5,3.6
,,-,,,,,,,,,3,1,3,1,0,1,2,4,3,2,0,0,2,1,0,3,2,4,1,1,1,2,1,3,4,2,1,1,3,1,2,3,2,2,2,3,2,3,1,2,2,4,4,2,1,4,3,0,2,2,3
,1999,,,,,,,,,,,,,,,,,,,,,,,,,,,,,,,,,,,,,,,,,,,,,,,,,,,,,,,,,,,,
,,-,,,,,,,,,737.35,3534.88,4375.3,16359.38,2559.72,16359.38,11175.5,9160.18,1522.95,16359.38,25684.95,27100.04,2212.7,19399.88,18493.06,793.95,13469.31,4677.47,25324.2,5159.6,1140.18,16359.38,2208.32,3034.97,4110.25,8240.41,6843.88,16359.38,42127.85,5714.16,900.61,313.89,827.93,1660.29,27134.94,1913.08,16359.38,632,895.44,8995.02,2157.6,5152.34,957.07,2697.66,16359.38,6795.69,1672.69,10026.3,16359.38,19070.83,14152.46
,,-,,,,,,,,,12.1,10.1,3.2,5.4,3.2,5.4,4.9,-3.4,3.3,5.4,4.4,3.3,11.4,4,4.3,5.4,0.4,3.4,3.4,8.7,5.3,5.4,7.9,0.4,9.5,9.8,0.3,5.4,3.1,2.3,7.4,-1,11.9,4.4,5.5,11.9,5.4,3.6,-0.7,-0.4,7.6,-4.2,1.9,-2.6,5.4,8.2,1.8,-1.5,5.4,4.8,1.3
,,-,,,,,,,,,3,1,0,2,2,2,2,0,2,3,4,4,3,3,3,3,2,2,1,3,1,3,4,4,3,1,1,1,0,1,1,4,3,0,2,0,2,3,1,1,1,1,3,2,0,2,1,1,2,3,1
,1998,,,,,,,,,,,,,,,,,,,,,,,,,,,,,,,,,,,,,,,,,,,,,,,,,,,,,,,,,,,,
,,-,,,,,,,,,657.63,3152.06,4244.03,15377.67,2514.85,15377.67,10688.96,9447.97,1452.79,15377.67,24531.22,25900.33,1983.49,18683.31,18020.44,756.94,13258.89,4449.63,24205.95,4766.48,1097.37,15377.67,2033.82,3050.81,3773.34,7634.51,6830.46,15377.67,41260.14,5478.1,850.04,312.56,741.36,1611.52,25550.4,1726.31,15377.67,612.13,911.49,9017.41,1992.84,5400.7,945.32,2808.83,15377.67,6339.59,1658.24,10152.21,15377.67,18130.46,13746.14
,,-,,,,,,,,,8.2,12.7,5.1,3.6,0,3.6,4.9,3.9,7.3,3.6,5.1,3.6,6,6.8,4.8,5,3.6,8.4,1.7,3.7,4,3.6,5.8,5,28.9,10.4,0,3.6,-0.6,4.1,7.3,4.8,5,5,4.1,8.4,3.6,3.9,7,3.3,7.8,0.6,1.2,3.7,3.6,8.4,4.5,2.1,3.6,5,-0.8
,,-,,,,,,,,,4,3,1,3,0,0,3,3,0,2,1,1,3,2,3,4,2,0,3,2,3,1,0,1,2,2,3,3,1,2,1,0,2,3,3,2,2,4,3,3,3,0,1,0,3,1,1,2,4,3,2
,1997,,,,,,,,,,,,,,,,,,,,,,,,,,,,,,,,,,,,,,,,,,,,,,,,,,,,,,,,,,,,
,,-,,,,,,,,,611.9,2742.3,4057.27,14636.44,2559.4,14636.44,10272.1,9099.25,1339.08,14636.44,23341.71,24754.45,1868.28,17586.68,17553.38,726.79,12685.29,4039.98,23584.11,4713.28,1073.72,14636.44,1910.77,2954.97,2817.15,7015.65,6854.76,14636.44,42098.48,5166.15,804.96,300.36,709.9,1559.71,24483.79,1612.67,14636.44,595,864.3,8753.74,1845.19,5412.32,913.43,2755.59,14636.44,5927.44,1611.17,9679.15,14636.44,17281.83,13628.02
,,-,,,,,,,,,16.1,-10.2,1.1,4.9,5.5,4.9,5.6,8.1,3.3,4.9,4,2.1,8.9,4.9,3.1,5.3,4.7,11.4,3.7,3.6,5.7,4.9,5.3,5,29.9,9.7,3.4,4.9,-1.5,-5.8,6.3,0.4,5.6,5.1,4.2,7.6,4.9,7.5,5.7,6.7,9.3,3.4,4.2,-0.6,4.9,5.6,5.7,6.8,4.9,2.3,-0.7
,,-,,,,,,,,,1,1,2,1,0,1,0,3,4,1,3,2,1,2,1,3,1,0,1,1,0,3,2,3,0,2,1,4,0,1,2,4,1,0,3,3,1,3,3,3,0,1,4,0,1,1,4,2,3,3,4
,1996,,,,,,,,,,,,,,,,,,,,,,,,,,,,,,,,,,,,,,,,,,,,,,,,,,,,,,,,,,,,
,,-,,,,,,,,,552.93,3028.55,4013.63,13709.2,2455.47,13709.2,9768.37,8374.97,1277.72,13709.2,22322.7,23869.49,1704.06,16762.51,17298.41,692.59,11982.78,3549.01,22421.51,4637.56,1027.31,13709.2,1789.6,2848.55,2197.42,6444.45,6621.91,13709.2,43057.06,5355.21,764.99,299.06,675.14,1500.61,23338.65,1509.06,13709.2,557.94,825.02,8182.99,1677.36,5247.8,885.41,2806.62,13709.2,5664.72,1540.3,9070.68,13709.2,16847.42,13488.31
,,-,,,,,,,,,8.8,9.1,3.8,3.6,20,3.6,6.1,5.5,5.9,3.6,4.3,2.2,2.5,4.2,4.1,5,4,2.8,0.9,1.4,4.3,3.6,5.5,4.4,,4.4,2.1,3.6,2.9,-8,11,-8,5.4,5,1.6,6.7,3.6,-8.1,2.1,7.4,10,2.1,-1.3,4.3,3.6,0.9,8.1,5.8,3.6,1.8,4
,,-,,,,,,,,,3,4,1,2,1,0,1,2,2,3,4,1,1,2,2,3,3,0,3,1,1,1,3,2,3,1,4,1,3,2,1,1,2,4,2,0,2,0,3,2,2,2,3,1,2,3,3,0,3,2,2
,1995,,,,,,,,,,,,,,,,,,,,,,,,,,,,,,,,,,,,,,,,,,,,,,,,,,,,,,,,,,,,
,,-,,,,,,,,,552.04,2747.46,3863.18,12965,2080.64,12965,9228.51,7881.97,1190.42,12965,21281.14,22945.33,1647.63,16055.63,16870.25,660.71,11320.58,3377.23,21868.23,4600.61,994.05,12965,1665.22,2755.28,,6167.42,6459.96,12965,42101.96,5666.17,694.9,324.88,646.02,1441.83,22776.72,1401.28,12965,612.83,812.73,7586.97,1512.21,5145.16,904.52,2641.09,12965,5661.09,1492.09,8488.81,12965,16493.3,12705.89
,,-,,,,,,,,,15.1,8.9,3.8,4.1,15,4.1,-5,-2.8,6.9,4.1,3.5,0.3,-13,4.4,3.9,4.8,2.1,-11.3,4.3,0.7,6,4.1,6.9,4.7,,8,4.2,4.1,4.5,-1.6,5.7,-7.9,6.4,3.3,2.8,7.5,4.1,4.9,-0.8,10.6,10.9,5.2,3.6,4,4.1,3.9,5.6,6.6,4.1,8.2,6.4
,,-,,,,,,,,,1,3,2,1,2,3,3,1,2,3,1,4,0,4,2,3,2,4,1,3,2,2,0,1,1,2,3,4,3,3,0,1,3,1,2,4,3,3,2,1,4,2,0,3,0,1,3,2,1,0,1
,1994,,,,,,,,,,,,,,,,,,,,,,,,,,,,,,,,,,,,,,,,,,,,,,,,,,,,,,,,,,,,
,,-,,,,,,,,,2475.46,2475.46,3720.24,12206.3,1822.62,12206.3,9722.62,8048.73,1100.22,12206.3,20399.15,22455.72,1877.94,15634.07,16474.98,631.23,10874.19,3713.11,20585.01,4595.66,944.47,12206.3,1522.39,2653.09,,5716.19,6169,12206.3,40447.12,5589.03,662.23,352.23,612.83,1406.02,21938.56,1307.65,12206.3,590.91,852.54,6824.15,1350.05,4880.35,878.6,2562.15,12206.3,5492.11,1437.25,7677.93,12206.3,15217.81,11708.01
,,-,,,,,,,,,9.4,9.4,-0.9,5.3,1.3,5.3,6.2,5.8,5.4,5.3,5,2.7,-19.7,3.1,-0.2,4.5,2,-11.7,3.3,0.2,2,5.3,5.1,4.7,,8.7,5.9,5.3,3.1,-3.7,1.3,-3.8,8.2,-2.5,4.8,6.9,5.3,4,5.5,5.7,13.1,5.1,-5.3,-5.5,5.3,4.7,11.6,5.9,5.3,4.4,3.2
,,-,,,,,,,,,0,0,4,0,1,1,3,0,3,2,1,1,3,1,2,1,0,2,4,0,2,1,3,4,3,1,0,1,1,3,3,3,4,1,1,3,0,2,3,2,2,4,3,1,2,0,2,1,2,0,1
,1993,,,,,,,,,,,,,,,,,,,,,,,,,,,,,,,,,,,,,,,,,,,,,,,,,,,,,,,,,,,,
,,-,,,,,,,,,2171.38,2171.38,3758.18,11350.67,1810.41,11350.67,9167.28,7542.26,1033.49,11350.67,19222.79,21501.26,2378.87,14841.32,16771.51,604.44,11036.22,4112.76,19576.18,4624.39,932.45,11350.67,1411.85,2552.97,,5332.02,5797.27,11350.67,39378.82,5622.7,658.23,364.85,665.27,1454.09,20719.05,1230.69,11350.67,572.64,810.32,6423.41,1182.02,4633.21,932.77,2733.97,11350.67,5288.03,1311.26,6945.9,11350.67,14569.9,11118.7
,,-,,,,,,,,,9.6,9.6,-2.1,2.8,-24,2.8,5.1,6.3,-14.1,2.8,3.9,0.3,-23.1,0.3,12.9,4.3,0.8,-7.6,-0.7,6.3,5.8,2.8,1.9,4.3,,-1,4.9,2.8,0.3,-11.6,3.5,-6.2,4,-3.2,2.3,7.3,2.8,-1.4,-2.1,7,14,5.7,3,-1,2.8,7.4,-0.2,-8,2.8,1.5,0.6
,,-,,,,,,,,,2,2,2,2,3,1,3,0,1,1,4,1,3,1,3,2,4,2,1,4,1,3,2,2,4,4,3,2,1,2,0,3,3,0,3,1,4,2,1,2,4,3,4,4,3,2,1,4,2,3,2
,1992,,,,,,,,,,,,,,,,,,,,,,,,,,,,,,,,,,,,,,,,,,,,,,,,,,,,,,,,,,,,
,,-,,,,,,,,,1927.01,1927.01,3841.22,10738.33,2393.02,10738.33,8707.1,7041.58,1242.51,10738.33,18268.03,21119.33,3035,14751.08,15082.35,579.08,10701.5,4360.37,19342.57,4381.55,886.45,10738.33,1347.22,2461.57,,5395.3,5487.29,10738.33,39279.11,6153.73,639.76,379.68,644.47,1511.86,20018.35,1152.07,10738.33,582.61,828.21,5965.74,1025.06,4368.86,909,2780.65,10738.33,4938.17,1335.66,7214.65,10738.33,14378.32,10806.25
,,-,,,,,,,,,-7.2,-7.2,1.6,,-5.8,,0.8,10.3,,,2.1,2.4,,-3.8,6.7,4.8,-5.7,,1.3,12,3,,4.5,1.6,,0.6,-0.5,,4.8,-8.4,0.2,1,7.1,-3.1,0.9,3,,-3.2,2.4,12.3,14.2,4.4,8.5,2.6,,9.2,-0.3,,,7.1,-3.3
,,-,,,,,,,,,2,2,0,2,3,4,3,2,4,3,1,3,3,4,0,3,2,4,2,4,4,0,1,1,1,4,1,4,3,1,4,2,1,2,2,1,2,3,4,1,2,4,2,1,3,1,0,2,1,1,1
,1991,,,,,,,,,,,,,,,,,,,,,,,,,,,,,,,,,,,,,,,,,,,,,,,,,,,,,,,,,,,,
,,-,,,,,,,,,2010.19,2010.19,3786.24,,2553.82,,8587.32,6325.71,,,17695.32,20391.46,,15288.77,14370.15,552.5,11093.2,,18733.82,3921.31,866.75,,1252.9,2416.66,,5378.28,5481.99,,,6503.13,642.11,377.9,606.72,1570.82,19628.36,1123.22,,601.84,809.66,5281.8,887.63,4175.03,840.83,2730.72,,4520.98,1360.44,,,13472.69,10932.77
,,-,,,,,,,,,-28,-28,-1.2,,1,,2.7,10.5,,,-1.3,3.6,,-4.2,1.7,4.2,-3.9,,1.8,11.5,4.2,,-0.4,5.3,,8.4,1,,3.1,-10.8,9.1,5.8,7.6,-3.8,-2.1,1.4,,-2,10.4,8,9.2,2.4,-5.4,2.4,,2.3,0,,,1.5,-11.5
,,-,,,,,,,,,2,2,1,1,3,4,0,2,4,4,2,3,3,3,0,1,1,2,1,2,0,4,1,3,1,1,2,3,1,0,1,1,3,2,2,1,3,2,2,3,4,1,1,4,3,1,2,1,0,2,2
,1990,,,,,,,,,,,,,,,,,,,,,,,,,,,,,,,,,,,,,,,,,,,,,,,,,,,,,,,,,,,,
,,-,,,,,,,,,2650.26,2650.26,3794.6,,2511.7,,8174.74,5606.06,,,17539.06,19209.06,,15727.03,14217.05,524.14,11153.27,,17848.31,3488.99,828.31,,1215.6,2264.47,,4946.39,5332.11,,,6976.75,585.53,355.29,561.83,1625.67,19615.01,1099.93,,604.96,725.59,4806.11,795.62,4021.22,831.21,2655.21,,4371.09,1366.63,,,13171.34,11940.37
,,-,,,,,,,,,-10,-10,1.3,,-3.5,,2.3,-1.3,,,1.6,4.6,,-1.6,7.3,4.6,-3.3,,3.1,11.2,9,,10.7,4.6,,6.7,-4.2,,1.1,-9.1,-0.6,3.5,1.1,-6.2,0.2,0.7,,-3.8,3.2,3.7,3.8,4.3,5.1,1,,3.6,-1.1,,,0.4,-1.2
,,-,,,,,,,,,1,1,2,0,3,0,3,3,1,1,1,1,2,2,3,3,2,4,1,0,1,1,1,4,3,1,2,2,3,0,4,4,1,4,2,1,0,1,0,1,3,2,1,3,4,0,2,4,3,0,1
,1989,,,,,,,,,,,,,,,,,,,,,,,,,,,,,,,,,,,,,,,,,,,,,,,,,,,,,,,,,,,,
,,-,,,,,,,,,2833.13,2833.13,3655.42,,2571.61,,7740.54,5585.89,,,16860.74,17816.11,,15647.41,12871.38,493.68,11105.14,,16718.39,3107.86,754.97,,1079.74,2127.19,,4628.44,5453.77,,,7330.33,584.05,340.33,551.63,1719.95,19139.52,1080.95,,615.38,693.87,4539.65,748.43,3783.75,783.09,2609.44,,4162.75,1384.68,,,12901.91,11641.36
,,-,,,,,,,,,9.8,9.8,4.8,,0,,6.8,-7,,,4.6,3.5,,2.3,4.4,4.3,3.6,,3.6,15.5,-2.8,,7.4,3.8,,21.1,3.2,,2.2,-0.5,2.2,1.3,3.3,-1.8,2.6,5.7,,1.6,2,10.6,4.1,3.4,-3.2,21.3,,5.7,3,,,8.8,4.5
,,-,,,,,,,,,2,2,1,3,0,1,1,0,0,2,4,3,3,1,0,2,2,2,2,2,0,0,2,1,3,2,3,0,0,2,4,2,3,1,1,0,2,3,1,4,2,2,1,1,2,4,4,3,4,1,2
,1988,,,,,,,,,,,,,,,,,,,,,,,,,,,,,,,,,,,,,,,,,,,,,,,,,,,,,,,,,,,,
,,-,,,,,,,,,2534.63,2534.63,3444.55,,2544.78,,6982.97,5859.58,,,15789.38,16656.14,,14990.81,12306.71,466.78,10328.57,,15573.24,2661.4,770.91,,990.23,2016.04,,3817.48,5188.78,,,7048.52,567.49,333.05,530.44,1738.29,18280.7,1012.75,,594.85,672.17,4022.25,703.42,3595.47,804.98,2203.33,,3895.52,1348.68,,,11589.16,10732.53
,,-,,,,,,,,,-1.4,-1.4,-1.9,,6.1,,5.7,-2,,,4,1.9,,2.3,6,2.4,3.5,,4.6,10.9,3.4,,5,2.9,,16.3,0.3,,-0.4,2.4,5.8,5,9.6,-7.9,5,6,,1.7,7.5,7.3,11.3,4.1,2.7,21.9,,3.4,1.1,,,10.1,2
,,-,,,,,,,,,3,3,1,3,1,3,1,4,1,4,3,2,0,2,1,4,3,0,3,3,0,4,4,3,3,2,1,1,3,3,1,1,1,3,1,4,3,2,0,2,3,3,3,1,1,2,3,3,1,0,1
,1987,,,,,,,,,,,,,,,,,,,,,,,,,,,,,,,,,,,,,,,,,,,,,,,,,,,,,,,,,,,,
,,-,,,,,,,,,2535.9,2535.9,3496.97,,2381.51,,6368.15,5849.96,,,14927.26,15830.44,,14471.82,11636.06,451.28,9650.02,,14476.27,2367.75,744.13,,932.61,1933.95,,3291.05,5102.82,,,6617.83,534.22,315.62,482.52,1877.92,17067.32,949.56,,577.53,619.5,3687.05,620.98,3410.19,782.3,1801.69,,3741.18,1301.51,,,10286.45,10170.01
,,-,,,,,,,,,-0.8,-0.8,-0.7,,4.1,,9,2.5,,,4.4,1.7,,3.7,-1.2,2.9,2.6,,2.4,22,-2.1,,28,2.5,,7.7,3.6,,0.3,4.7,-0.2,5.5,21.5,-2.2,4.3,4.3,,-4.3,3.6,6.6,11.6,5.4,1.6,2.3,,4.8,-0.5,,,0.4,0.6
,,-,,,,,,,,,1,1,1,1,1,2,1,1,3,4,2,3,1,1,3,0,0,0,3,2,0,2,1,2,3,3,0,1,0,1,2,3,3,1,4,3,2,4,0,3,3,1,3,3,3,2,2,1,1,4,0
,1986,,,,,,,,,,,,,,,,,,,,,,,,,,,,,,,,,,,,,,,,,,,,,,,,,,,,,,,,,,,,
,,-,,,,,,,,,2537.8,2537.8,3518.2,,2284.18,,5663.96,5617.22,,,14134.84,15175.1,,13814.73,11875.94,437.01,9155.41,,13775.88,1938.95,762.64,,725.3,1875.62,,3082.27,4892.36,,,6127.31,536.39,299.73,398.52,1921.45,16139.75,910.73,,601.32,596.36,3424.06,550.82,3214.6,773.2,1766.81,,3574.52,1322.62,,,10085.21,9842.4
,,-,,,,,,,,,5.6,5.6,-0.2,,2.9,,8.9,7.1,,,2.1,2.3,,2.6,0.5,4,5.1,,1.9,7.3,2.7,,11.5,-2.6,,15.2,7.5,,-11.5,5.3,8,3.2,,6.8,2.4,2.9,,7.2,6,5.6,8.9,5.8,2,2.3,,5.5,4.8,,,-3.9,2.1
,,-,,,,,,,,,3,3,3,4,1,1,1,4,3,2,1,4,3,3,1,3,2,4,1,3,4,3,2,3,3,2,3,3,2,0,1,1,1,3,2,2,1,1,2,3,2,2,3,1,2,1,0,0,2,3,3
,1985,,,,,,,,,,,,,,,,,,,,,,,,,,,,,,,,,,,,,,,,,,,,,,,,,,,,,,,,,,,,
,,-,,,,,,,,,2398.14,2398.14,3542.44,,2233.97,,5073.55,5195.43,,,13742.82,14523.37,,13401.35,11971.8,421.21,8523.24,,13238.83,1819.54,749.49,,649.62,1922.97,,2714.93,4545.23,,,5680.34,499.56,292.36,,1809,15570.61,890.24,,567.76,564.41,3225.06,502.81,3032.83,765.43,1741.27,,3413.69,1283.32,,,10386.74,9431.44
,,-,,,,,,,,,-1.5,-1.5,5.6,,3.5,,7.9,-7,,,5.7,2.2,,4.1,-0.9,3.7,1.1,,1.8,-1.4,4.3,,4.2,-1.7,,6.8,7.9,,-1.5,1.8,11.3,11.8,,8.1,4.8,8.6,,3.7,7.9,2,13.5,3.1,2,2.4,,0.7,3.6,,,3.9,3.6
,,-,,,,,,,,,0,0,3,2,2,3,2,4,1,2,3,1,4,1,1,3,4,3,1,2,3,1,1,1,3,2,3,3,3,3,3,0,0,3,2,1,3,0,1,3,3,0,2,2,3,2,0,2,3,1,1
,1984,,,,,,,,,,,,,,,,,,,,,,,,,,,,,,,,,,,,,,,,,,,,,,,,,,,,,,,,,,,,
,,-,,,,,,,,,2412.28,2412.28,3413.12,,2360.42,,4556.31,5511.32,,,12787.43,13794.62,,12657.12,12131.4,403.78,8181.6,,12618.75,1841.08,720.25,,616.9,1937.63,,2557.05,4179.72,,,5413.71,418.38,261.26,,1667.24,14554.82,817.29,,545.7,520.35,3119.14,436.19,2914.84,751.57,1701.88,,3388.51,1248.68,,,9811.48,8831.17
,,-,,,,,,,,,2,2,5.6,,6,,9.8,2,,,6.4,0.3,,2.4,4.2,4.2,3.6,,2.1,11.3,0.4,,4.5,-0.2,,2.4,5.3,,,4.6,1.6,0.2,,7.5,5.8,3.8,,9.9,5.3,5.9,15.2,3.4,4.2,2.4,,8,-2,,,8.7,3.5
,,-,,,,,,,,,4,4,2,2,1,1,3,2,2,3,2,2,1,4,4,4,0,3,2,4,3,2,3,1,1,2,3,2,2,2,2,4,3,1,3,1,2,2,4,3,3,1,4,1,3,3,3,3,3,1,3
,1983,,,,,,,,,,,,,,,,,,,,,,,,,,,,,,,,,,,,,,,,,,,,,,,,,,,,,,,,,,,,
,,-,,,,,,,,,2326.49,2326.49,3215.26,,2202.99,,3998.17,5296.51,,,11723.63,13253.03,,12179.23,11600.87,382.94,7611.6,,11911.84,1637.4,713.21,,580.11,1910.35,,2494.78,3914,,,4996.47,406.89,258.78,,1535.42,13383.41,780.1,,490.01,488.39,2884.45,369.81,2775.99,702.32,1651.71,,3111.39,1262.4,,,8816.35,8219.44
,,-,,,,,,,,,1.1,1.1,5.4,,4.2,,5.8,3.7,,,-0.5,2.8,,6.8,7,4.6,0.5,,0.4,6.1,-2,,11.1,-4,,14.2,-3.4,,,3,-1.2,3.7,,6.8,2.7,9.5,,-6,15.7,-2.8,10.9,1.6,3.1,2.4,,4.2,-2.5,,,5.3,2.3
,,-,,,,,,,,,3,3,2,3,4,3,1,2,1,4,0,4,2,1,1,3,2,4,0,3,2,4,3,1,4,1,1,4,3,4,3,0,0,1,3,2,4,0,4,2,0,2,2,3,3,2,1,1,2,3,1
,1982,,,,,,,,,,,,,,,,,,,,,,,,,,,,,,,,,,,,,,,,,,,,,,,,,,,,,,,,,,,,
,,-,,,,,,,,,2258.75,2258.75,3030.79,,2087,,3640.34,4981.24,,,11491.55,12364.52,,11220.36,10785.63,361.04,7285.57,,11412.14,1526.6,722.84,,512.66,1955.06,,2178.38,3988.25,,,4680.09,406.21,247.05,,1420.23,12660.03,704.18,,513.93,416.36,2899.17,325.06,2685.76,670.73,1599.64,,2957.48,1308.84,,,8159.65,7727.78
,,-,,,,,,,,,2.9,2.9,6.4,,0,,-1,-3.1,,,0,1.9,,6.3,6.4,3.2,-4.9,,0.6,-7.6,1.7,,3.4,-3.9,,5.5,0.6,,,4.2,1.4,-1.1,,7.6,-2.9,2.8,,-3.6,5.4,-13.6,9,0.9,4.1,2.4,,-7.3,0.2,,,6.3,0.2
,,-,,,,,,,,,4,4,3,2,4,0,1,2,0,1,2,2,3,3,2,2,1,3,3,0,2,0,1,1,1,4,1,2,0,1,3,0,3,3,1,3,4,4,2,3,2,3,3,4,4,3,2,1,0,2,2
,1981,,,,,,,,,,,,,,,,,,,,,,,,,,,,,,,,,,,,,,,,,,,,,,,,,,,,,,,,,,,,
,,-,,,,,,,,,2112.7,2112.7,2770.9,,2019.04,,3472.92,4929.22,,,11011.68,11449.74,,10180.86,9900.14,337.99,7220.45,,10697.1,1585.32,690.6,,476.52,1958.23,,2018.52,3825,,,4247.8,387.09,242.22,,1279.47,12431.12,663.38,,514.99,381.75,3210.76,285.48,2562.58,622.3,1517.63,,3096.61,1278.8,,,7314.39,7275.24
,,-,,,,,,,,,5.7,5.7,3,,-4.4,,3.6,-5.7,,,4.2,-0.1,,-2.9,2.8,3.1,-1.9,,0.1,0.2,1.9,,13.6,0.3,,11.7,-4.4,,,5.3,2.7,12.2,,17.1,3.5,8.4,,13,-10.8,6.2,5.3,2.3,5.5,2.6,,-2.3,3.5,,,8.9,0.2
,,-,,,,,,,,,1,1,4,0,2,1,4,3,1,3,3,3,1,3,3,2,4,3,1,1,1,0,1,4,2,1,2,2,4,1,2,2,3,3,3,2,3,2,3,3,3,2,4,3,3,1,1,3,2,3,4
,1980,,,,,,,,,,,,,,,,,,,,,,,,,,,,,,,,,,,,,,,,,,,,,,,,,,,,,,,,,,,,
,,-,,,,,,,,,1863.54,1863.54,2535.61,,1982.79,,3075.62,4866.06,,,9819.52,10498.09,,9767.17,9157.05,307.17,6728.28,,9770.24,1448.99,640.83,,391.06,1932.13,,1682.04,3744.43,,,3700.04,353.25,203.2,,1028.28,11119.81,574.69,,429.4,400.98,2827.36,251.36,2341.4,552.86,1393.72,,2984.54,1155.25,,,6215.96,6652.9
,,-,,,,,,,,,2.7,2.7,-5.4,,2.4,,7.6,0.7,,,2.6,2.3,,7.1,7.5,0.4,4.4,,4.1,5,9.3,,5,0.6,,12,9.2,,,5.7,4,-6.8,,9.9,2.2,5.3,,-3,-6,7.9,7.9,4.4,7.4,12.7,,0.8,5.2,,,6.9,3.5
,,-,,,,,,,,,4,4,3,1,0,4,3,3,2,1,2,4,2,3,1,1,3,1,2,1,3,3,1,0,2,3,1,0,2,3,3,1,4,1,2,1,2,3,1,2,4,3,1,1,2,1,3,3,4,3,3
Category B,,,,,,,,,,,,,,,,,,,,,,,,,,,,,,,,,,,,,,,,,,,,,,,,,,,,,,,,,,,,,
>Sub-Category B-1,Quarter 4,,,,,,,,,,,,,,,,,,,,,,,,,,,,,,,,,,,,,,,,,,,,,,,,,,,,,,,,,,,,
,,Example indicator B-1 (i),<a href='http://www.sacmeq.org/statplanet'>Example source for each indicator 1</a>,,,,,,,,,2.67,0.58,35.91,0.59,11.92,15.36,9.37,2.94,17.44,37.94,24.55,4.7,10.51,14.76,0.1,,4.17,28.85,2.6,0.1,58.84,0.87,2.08,8.91,0.52,5.94,,4.66,11.2,0.11,0.06,0.12,0.14,32.21,1.85,,0.06,0.03,8.56,11.31,4.5,0.18,0.03,9.52,4.06,0.09,29.43,0.3,18.51,17.39
,,Example indicator B-1 (ii),<a href='http://www.sacmeq.org/statplanet'>Example source for each indicator 2</a>,,,,,,,,1.84,23.86,11.93,70.04,3.05,30.34,75.03,28.11,6.21,22.76,71.98,71.21,28,31.54,51.95,0.35,73.67,32.1,68.86,11.31,1.85,78.8,6.55,10.83,34.66,6.25,37.52,,55.32,34.86,0.92,0.81,0.51,3.8,75.43,20.61,41.33,0.44,1.19,32.47,22.28,38.5,3.48,4.29,25.41,32.31,3.21,50.6,12.94,38.78,58.41
,,Example indicator B-1 (iii),<a href='http://www.sacmeq.org/statplanet'>Example source for each indicator 3</a>,,,,,,,,,2.04,1.41,24.49,0.09,16.23,14.52,7.99,0.16,17.44,24.39,20.74,0.69,10.08,14.18,0.03,64.81,4.94,27.97,2.56,0.03,52.47,0.3,0.68,4.99,0.46,5.26,,3.56,11.11,0.03,,0.11,,29.59,1.48,,,,8.49,6.23,4.23,,,0.28,2.38,0.05,11.86,0.02,16.37,17.05
,Quarter 3,,,,,,,,,,,,,,,,,,,,,,,,,,,,,,,,,,,,,,,,,,,,,,,,,,,,,,,,,,,,
,,-,,,,,,,,,,1.28,0.58,32.68,0.57,11.92,13.4,8.65,2.94,15.35,34.07,30.35,2.51,8.99,10.53,0.1,,4.17,27.17,2.68,0.1,58.84,0.9,2.08,7.24,,4.58,,4.66,8.47,0.08,,0.1,0.14,30.85,1.49,,0.06,0.03,8.15,11.31,3.11,0.28,0.03,9.26,3.51,0.09,26.58,0.3,15.3,13.72
,,-,,,,,,,,,1.9,15.04,10.34,70.87,2.84,29.34,70.06,25.95,6.02,23.04,68.57,66.87,18,26.98,32.91,0.32,73.86,28.89,66.76,10.86,1.79,74.35,5.92,10.5,27.92,5.28,30.88,,48.82,30.78,0.75,0.7,0.49,2.93,72.85,8.28,39.98,0.38,0.85,31.03,15.99,27.8,3.42,2.76,25.6,30.28,2.24,44.7,11.69,38.12,48.64
,,-,,,,,,,,,,0.32,0.85,23.66,0.07,16.23,8.08,6.58,0.13,15.35,23.16,19.53,0.17,3.9,9.68,0.03,37.56,1.75,25.78,2.22,0.02,44.61,,0.36,2.24,0.19,4,,2.91,8.23,0.03,,0.06,,27.55,0.78,,,,7.83,5,2.72,,,0.28,2.41,0.05,8.74,0.02,11.43,14.58
,Quarter 2,,,,,,,,,,,,,,,,,,,,,,,,,,,,,,,,,,,,,,,,,,,,,,,,,,,,,,,,,,,,
,,-,,,,,,,,,,0.65,0.58,21.36,0.56,11.92,13.4,6.98,2.94,,32.24,28.77,1.18,8.74,8.08,0.1,,4.17,24.44,2.88,0.09,58.84,0.88,1.24,6.29,,3.15,,4.66,6.07,0.06,,0.08,0.14,29.06,1.54,,0.06,0.03,6.71,5.86,2.03,0.28,0.03,9.01,2.59,0.09,24.12,0.14,12.52,13.77
,,-,,,,,,,,,2.11,15.1,7.38,48.94,1.91,28.37,62.64,20.93,5.63,23.37,65.15,61.12,11.99,33.38,28.24,0.29,63.18,27.64,61.98,10.4,1.54,69.9,4.52,6.2,25.12,4.29,28.18,18.89,42.19,24.35,0.63,0.66,0.47,2.03,70.36,6.81,38.86,0.31,0.58,34.5,10.52,15.34,3.33,2.01,25.86,27.63,1.52,37.98,11.16,33.84,44.25
,,-,,,,,,,,,,0.01,0.51,17.88,0.04,16.23,8.02,4.05,0.06,13.59,18.91,17.31,0.05,5.03,5.2,,21.77,0.12,22.5,1.94,0.02,36.73,,0.19,1.06,0.1,2.53,,2.37,5,0.01,,0.02,,24.65,1.54,,,,6.19,3.85,1.44,,,0.28,1.89,0.05,5.68,,7.47,10.88
,Quarter 1,,,,,,,,,,,,,,,,,,,,,,,,,,,,,,,,,,,,,,,,,,,,,,,,,,,,,,,,,,,,
,,-,,,,,,,,,,0.65,0.58,21.36,0.27,11.92,10.72,6.24,2.94,8.63,29.32,21.52,0.86,8.36,6.91,0.08,,0.38,21.92,2.33,0.08,48.2,0.55,0.78,4.8,,2.35,,4.64,2.67,0.06,,0.06,0.08,27.49,1.37,,0.06,0.03,5.56,5.56,1.6,0.2,0.03,8.77,4.52,0.09,21.47,0.11,10.88,23.07
,,-,,,,,,,,,1.22,6.04,5.84,37.61,1.14,27.44,34.72,17.72,5.25,23.75,63.25,55.02,8.03,31.64,21.3,0.24,63.18,26.49,57.57,9.21,1.27,65.45,3.85,5.23,21.33,3.26,21.02,18.89,36.47,19.97,0.47,0.54,0.32,1.4,67.92,6.07,38.03,0.27,0.4,31.18,8.52,11.01,3.24,1.46,26.2,21.31,1.04,33.14,9.74,31.05,32.11
,,-,,,,,,,,,,0.01,0.41,12.96,,16.23,6.85,2.39,0.06,12.15,9.88,14.26,0.03,2.2,2.95,,12.61,0.02,19.3,1.78,,28.81,,0.14,0.36,0.09,1.74,,2.2,2.14,,,0.01,,21.68,0.2,,,,4.35,2.85,0.74,,,0.28,1.04,0.01,2.61,,3.81,6.96
>Sub-Category B-2,,,,,,,,,,,,,,,,,,,,,,,,,,,,,,,,,,,,,,,,,,,,,,,,,,,,,,,,,,,,,
>>Computers at home,2003,,<a href='http://www.pisa.oecd.org'>PISA</a>,,,,,,,,,,,,,,,,,,,,,,,,,,,,,,,,,,,,,,,,,,,,,,,,,,,,,,,,,,
,,Pupils who have a computer at home,,Percentage of pupils who have home access to a computer for school work.,%,,,,,,,,,,,,,,,,93.9,92.97,,,,,,,87.04,,,,,,,,27.04,,,,,,,,93.2,,,,,,,,,,,,,,,,76.54
>>Pupil Achievement Math,2006,,<a href='http://www.pisa.oecd.org'>PISA</a>,,,,,,,,,,,,,,,,,,,,,,,,,,,,,,,,,,,,,,,,,,,,,,,,,,,,,,,,,,
,,Math Indicator 1,,,Mean score,0=[0x006D2C] 1=[0x31A354] 2=[0x74C476] 3=[0xBAE4B3] 4=[0xEDF8E9],,,,,,,,504.46,,504.46,,381.25,,504.46,519.91,505.48,476,,,,,,520.35,,,504.46,,,,,369.52,504.46,,413.45,,,,,527.01,,504.46,,,411.35,,369.98,,,504.46,,,467.25,504.46,,509.86
,,Math Indicator 2,,,Mean score,0=[0x006D2C] 1=[0x31A354] 2=[0x74C476] 3=[0xBAE4B3] 4=[0xEDF8E9],,,,,,,,502.07,,502.07,,375.19,,502.07,512.53,493.96,476.6,,,,,,516.71,,,502.07,,,,,360.87,502.07,,415.37,,,,,519.86,,502.07,,,396.28,,359.81,,,502.07,,,460.54,502.07,,503.91
,,Math Indicator 3,,,Mean score,0=[0x006D2C] 1=[0x31A354] 2=[0x74C476] 3=[0xBAE4B3] 4=[0xEDF8E9],,,,,,,,506.86,,506.86,,388.07,,506.86,526.95,516.58,475.44,,,,,,523.66,,,506.86,,,,,379.58,506.86,,411.66,,,,,534.08,,506.86,,,424.18,,381.85,,,506.86,,,473.97,506.86,,514.43
,2003,,,,,,,,,,,,,,,,,,,,,,,,,,,,,,,,,,,,,,,,,,,,,,,,,,,,,,,,,,,,
,,-,,,,,,,,,,,,,,,,,,,530,512,,,,,,,548,,,,,,,,428,,,,,,,,540,,,,,,,,,,,,,,,,537
,,-,,,,,,,,,,,,,,,,,,,,,,,,,,,,,,,,,,,,,,,,,,,,,,,,,,,,,,,,,,,
,,-,,,,,,,,,,,,,,,,,,,,,,,,,,,,,,,,,,,,,,,,,,,,,,,,,,,,,,,,,,,
>>Pupil Achievement Reading,2006,,<a href='http://www.pisa.oecd.org'>PISA</a>,,,,,,,,,,,,,,,,,,,,,,,,,,,,,,,,,,,,,,,,,,,,,,,,,,,,,,,,,,
,,Reading Indicator 1,,,Mean score,0=[0x006D2C] 1=[0x31A354] 2=[0x74C476] 3=[0xBAE4B3] 4=[0xEDF8E9],,,,,,,,494.41,,494.41,,373.72,,494.41,512.89,490.19,352.89,,,,,,500.9,,,494.41,,,,,392.89,494.41,,401.93,,,,,527.01,,494.41,,,442.09,,385.31,,,494.41,,,477.36,494.41,,482.72
,,Reading Indicator 2,,,Mean score,0=[0x006D2C] 1=[0x31A354] 2=[0x74C476] 3=[0xBAE4B3] 4=[0xEDF8E9],,,,,,,,521.11,,521.11,,399.11,,521.11,531.75,512.91,363.13,,,,,,521.73,,,521.11,,,,,407.55,521.11,,432.11,,,,,543.04,,521.11,,,451.25,,393.91,,,521.11,,,502.27,521.11,,508.61
,,Reading Indicator 3,,,Mean score,0=[0x006D2C] 1=[0x31A354] 2=[0x74C476] 3=[0xBAE4B3] 4=[0xEDF8E9],,,,,,,,467.5,,467.5,,345.2,,467.5,494.87,468.31,343.48,,,,,,482,,,467.5,,,,,375.81,467.5,,373.84,,,,,511.14,,467.5,,,434.29,,375.26,,,467.5,,,452.42,467.5,,462.84
,2003,,,,,,,,,,,,,,,,,,,,,,,,,,,,,,,,,,,,,,,,,,,,,,,,,,,,,,,,,,,,
,,-,,,,,,,,,,,,,,,,,,,531,498,,,,,,,525,,,,,,,,466,,,,,,,,536,,,,,,,,,,,,,,,,508
,,-,,,,,,,,,,,,,,,,,,,,,,,,,,,,,,,,,,,,,,,,,,,,,,,,,,,,,,,,,,,
,,-,,,,,,,,,,,,,,,,,,,,,,,,,,,,,,,,,,,,,,,,,,,,,,,,,,,,,,,,,,,
>Sub-Category B-3,,,,,,,,,SACMEQ,,,,,,,,,,,,,,,,,,,,,,,,,,,,,,,,,,,,,,,,,,,,,,,,,,,,
>>Pupil Achievement Math & Reading,2000,,<a href='http://www.sacmeq.org'>SACMEQ</a>,,,,,,,,,,,,,,,,,,,,,,,,,,,,,,,,,,,,,,,,,,,,,,,,,,,,,,,,,,
,,Math Indicator 1,,,Mean score,,,,,,,,,,,,,,,,,,,,,,,,,,,,,,,521.1,,,,,,,,,,,,,,,,,,,,,,,,,
,,Math Indicator 2,,,Mean score,,,,,,,,,,,,,,,,,,,,,,,,,,,,,,,534.38,,,,,,,,,,,,,,,,,,,,,,,,,
,,Math Indicator 3,,,Mean score,,,,,,,,,,,,,,,,,,,,,,,,,,,,,,,507.25,,,,,,,,,,,,,,,,,,,,,,,,,
,,Reading Indicator 4,,,Mean score,,,,,,,,,,,,,,,,,,,,,,,,,,,,,,,512.87,,,,,,,,,,,,,,,,,,,,,,,,,
,,Reading Indicator 5,,,Mean score,,,,,,,,,,,,,,,,,,,,,,,,,,,,,,,517.39,,,,,,,,,,,,,,,,,,,,,,,,,
,,Reading Indicator 6,,,Mean score,,,,,,,,,,,,,,,,,,,,,,,,,,,,,,,508.15,,,,,,,,,,,,,,,,,,,,,,,,,
,1995,,,,,,,,,,,,,,,,,,,,,,,,,,,,,,,,,,,,,,,,,,,,,,,,,,,,,,,,,,,,
,,-,,,,,,,,,,,,,,,,,,,,,,,,,,,,,,,,,,,,,,,,,,,,,,,,,,,,,,,,,,,
,,-,,,,,,,,,,,,,,,,,,,,,,,,,,,,,,,,,,,,,,,,,,,,,,,,,,,,,,,,,,,
,,-,,,,,,,,,,,,,,,,,,,,,,,,,,,,,,,,,,,,,,,,,,,,,,,,,,,,,,,,,,,
,,-,,,,,,,,,,,,,,,,,,,,,,,,,,,,,,,,,,,,,,,,,,,,,,,,,,,,,,,,,,,
,,-,,,,,,,,,,,,,,,,,,,,,,,,,,,,,,,,,,,,,,,,,,,,,,,,,,,,,,,,,,,
,,-,,,,,,,,,,,,,,,,,,,,,,,,,,,,,,,,,,,,,,,,,,,,,,,,,,,,,,,,,,,
>>Pupil Achievement Math Levels,2000,,<a href='http://www.sacmeq.org'>SACMEQ</a>,,,,,,,,,,,,,,,,,,,,,,,,,,,,,,,,,,,,,,,,,,,,,,,,,,,,,,,,,,
,,Math level 1,,,%,,,,,,,,,,,,,,,,,,,,,,,,,,,,,,,3.31,,,,,,,,,,,,,,,,,,,,,,,,,
,,Math level 2,,,%,,,,,,,,,,,,,,,,,,,,,,,,,,,,,,,25.79,,,,,,,,,,,,,,,,,,,,,,,,,
,,Math level 3,,,%,,,,,,,,,,,,,,,,,,,,,,,,,,,,,,,35.85,,,,,,,,,,,,,,,,,,,,,,,,,
,,Math level 4,,,%,,,,,,,,,,,,,,,,,,,,,,,,,,,,,,,19.64,,,,,,,,,,,,,,,,,,,,,,,,,
,,Math level 5,,,%,,,,,,,,,,,,,,,,,,,,,,,,,,,,,,,10.16,,,,,,,,,,,,,,,,,,,,,,,,,
,,Math level 6,,,%,,,,,,,,,,,,,,,,,,,,,,,,,,,,,,,3.81,,,,,,,,,,,,,,,,,,,,,,,,,
,,Math level 7,,,%,,,,,,,,,,,,,,,,,,,,,,,,,,,,,,,1.22,,,,,,,,,,,,,,,,,,,,,,,,,
,,Math level 8,,,%,,,,,,,,,,,,,,,,,,,,,,,,,,,,,,,0.22,,,,,,,,,,,,,,,,,,,,,,,,,
Category C (has no sub-categories),2006,,<a href='http://www.who.int'>WHO</a> ,,,,,,,,,,,,,,,,,,,,,,,,,,,,,,,,,,,,,,,,,,,,,,,,,,,,,,,,,,
,,Example indicator C (i),,,years,0=[0x006837][75] 1=[0x31A354][70] 2=[0x78C679][65] 3=[0xADDD8E][60] 4=[0xD9F0A3][55] 5=[0xFFFFCC],,,,,42,71,71,78,41,78,73,75,69,78,82,80,64,74,75,63,75,69,79,69,55,78,64,66,75,52,72,78,77,73,47,49,62,51,81,70,78,48,46,78,73,74,65,54,78,78,53,76,78,80,77
,,Example indicator C (ii),,,years,0=[0x006837][75] 1=[0x31A354][70] 2=[0x78C679][65] 3=[0xADDD8E][60] 4=[0xD9F0A3][55] 5=[0xFFFFCC],,,,,43,73,72,82,43,82,75,78,72,82,84,83,66,77,76,63,79,75,82,74,55,82,67,67,78,52,75,82,79,76,49,50,65,52,83,72,82,48,47,81,75,78,67,55,82,80,55,79,82,82,80
,,Example indicator C (iii),,,years,0=[0x006837][75] 1=[0x31A354][70] 2=[0x78C679][65] 3=[0xADDD8E][60] 4=[0xD9F0A3][55] 5=[0xFFFFCC],,,,,42,69,70,74,40,74,70,72,65,74,79,77,62,71,74,63,72,63,77,65,54,74,62,64,72,51,68,74,76,69,46,48,59,50,78,66,74,48,46,75,72,71,62,53,74,76,50,72,74,79,73
,2000,,,,,,,,,,,,,,,,,,,,,,,,,,,,,,,,,,,,,,,,,,,,,,,,,,,,,,,,,,,,
,,-,,,,,,,,,41,69,70,76,42,76,72,74,70,76,80,78,63,73,73,61,75,69,78,70,53,76,61,63,74,50,70,76,76,72,48,48,58,52,79,69,76,48,47,77,71,71,62,54,76,77,53,74,76,77,75
,,-,,,,,,,,,42,72,71,80,44,80,74,78,73,80,82,81,65,76,74,62,78,75,81,74,54,80,63,64,77,51,73,80,77,75,49,49,62,54,82,71,80,48,48,80,72,76,65,55,80,79,56,78,80,79,79
,,-,,,,,,,,,40,66,68,72,40,72,69,71,67,72,77,75,61,70,72,61,71,63,75,67,53,72,59,61,72,49,67,72,74,68,47,47,55,51,77,66,72,48,46,74,70,67,60,53,72,74,50,70,72,75,72
,1990,,,,,,,,,,,,,,,,,,,,,,,,,,,,,,,,,,,,,,,,,,,,,,,,,,,,,,,,,,,,
,,-,,,,,,,,,42,67,66,74,42,74,70,72,65,74,77,76,62,70,73,55,74,71,76,74,51,74,53,58,72,66,67,74,72,71,48,50,59,56,77,67,74,52,49,72,68,68,58,60,74,76,54,72,74,76,71
,,-,,,,,,,,,42,70,68,78,44,78,73,76,69,78,80,79,65,74,74,54,77,76,79,76,51,78,55,59,75,68,70,78,73,75,49,51,61,58,80,68,78,53,50,76,69,71,61,62,78,78,58,76,78,78,75
,,-,,,,,,,,,41,65,65,70,40,70,68,69,61,70,74,72,59,67,73,55,70,66,73,72,50,70,51,57,69,64,63,70,71,68,47,49,56,55,74,65,70,52,48,69,68,65,56,58,70,74,51,69,70,74,68
